Datetime,Water Level (m)
2025-09-21 12:00:00,-0.1902117
2025-09-21 13:00:00,0.3078295
2025-09-21 14:00:00,0.8582743
2025-09-21 15:00:00,1.3044938
2025-09-21 16:00:00,1.5036561
2025-09-21 17:00:00,1.4549053
2025-09-21 18:00:00,1.0816448
2025-09-21 19:00:00,0.56572914
2025-09-21 20:00:00,0.059708755
2025-09-21 21:00:00,-0.35758644
2025-09-21 22:00:00,-0.6442412
2025-09-21 23:00:00,-0.7001079
2025-09-22 00:00:00,-0.26195598
2025-09-22 01:00:00,0.27606627
2025-09-22 02:00:00,0.85374415
2025-09-22 03:00:00,1.3175939
2025-09-22 04:00:00,1.5169446
2025-09-22 05:00:00,1.4831221
2025-09-22 06:00:00,1.149631
2025-09-22 07:00:00,0.64610153
2025-09-22 08:00:00,0.13835171
2025-09-22 09:00:00,-0.29930767
2025-09-22 10:00:00,-0.61621433
2025-09-22 11:00:00,-0.7636459
2025-09-22 12:00:00,-0.45818478
2025-09-22 13:00:00,0.1026372
2025-09-22 14:00:00,0.71204513
2025-09-22 15:00:00,1.2510849
2025-09-22 16:00:00,1.5415595
2025-09-22 17:00:00,1.5787293
2025-09-22 18:00:00,1.3176737
2025-09-22 19:00:00,0.81820977
2025-09-22 20:00:00,0.3046356
2025-09-22 21:00:00,-0.13321057
2025-09-22 22:00:00,-0.47955877
2025-09-22 23:00:00,-0.6860513
2025-09-23 00:00:00,-0.5286423
2025-09-23 01:00:00,0.005976375
2025-09-23 02:00:00,0.5885904
2025-09-23 03:00:00,1.1515528
2025-09-23 04:00:00,1.4930819
2025-09-23 05:00:00,1.5681151
2025-09-23 06:00:00,1.359526
2025-09-23 07:00:00,0.8808807
2025-09-23 08:00:00,0.37532768
2025-09-23 09:00:00,-0.07576958
2025-09-23 10:00:00,-0.43247873
2025-09-23 11:00:00,-0.66997236
2025-09-23 12:00:00,-0.60099906
2025-09-23 13:00:00,-0.107181035
2025-09-23 14:00:00,0.47847643
2025-09-23 15:00:00,1.0847132
2025-09-23 16:00:00,1.5106026
2025-09-23 17:00:00,1.6804484
2025-09-23 18:00:00,1.5675585
2025-09-23 19:00:00,1.1268758
2025-09-23 20:00:00,0.6022758
2025-09-23 21:00:00,0.102230474
2025-09-23 22:00:00,-0.2975511
2025-09-23 23:00:00,-0.5593685
2025-09-24 00:00:00,-0.60561043
2025-09-24 01:00:00,-0.19862655
2025-09-24 02:00:00,0.3443239
2025-09-24 03:00:00,0.90833265
2025-09-24 04:00:00,1.3522964
2025-09-24 05:00:00,1.5281477
2025-09-24 06:00:00,1.4412779
2025-09-24 07:00:00,1.0531906
2025-09-24 08:00:00,0.56558806
2025-09-24 09:00:00,0.08720401
2025-09-24 10:00:00,-0.3081281
2025-09-24 11:00:00,-0.5906609
2025-09-24 12:00:00,-0.6835744
2025-09-24 13:00:00,-0.3465578
2025-09-24 14:00:00,0.19673297
2025-09-24 15:00:00,0.7756214
2025-09-24 16:00:00,1.2911909
2025-09-24 17:00:00,1.5537835
2025-09-24 18:00:00,1.5691704
2025-09-24 19:00:00,1.2837659
2025-09-24 20:00:00,0.8031405
2025-09-24 21:00:00,0.29932177
2025-09-24 22:00:00,-0.103448175
2025-09-24 23:00:00,-0.41224068
2025-09-25 00:00:00,-0.56888336
2025-09-25 01:00:00,-0.40135592
2025-09-25 02:00:00,0.08860136
2025-09-25 03:00:00,0.616507
2025-09-25 04:00:00,1.1204853
2025-09-25 05:00:00,1.4083045
2025-09-25 06:00:00,1.4379838
2025-09-25 07:00:00,1.1835488
2025-09-25 08:00:00,0.7409515
2025-09-25 09:00:00,0.2852107
2025-09-25 10:00:00,-0.09847147
2025-09-25 11:00:00,-0.389204
2025-09-25 12:00:00,-0.55137426
2025-09-25 13:00:00,-0.42095408
2025-09-25 14:00:00,0.059896074
2025-09-25 15:00:00,0.5985684
2025-09-25 16:00:00,1.1582327
2025-09-25 17:00:00,1.547304
2025-09-25 18:00:00,1.6907936
2025-09-25 19:00:00,1.5452758
2025-09-25 20:00:00,1.1677109
2025-09-25 21:00:00,0.7371508
2025-09-25 22:00:00,0.32015094
2025-09-25 23:00:00,0.01327401
2025-09-26 00:00:00,-0.19483696
2025-09-26 01:00:00,-0.20802146
2025-09-26 02:00:00,0.100868225
2025-09-26 03:00:00,0.62110037
2025-09-26 04:00:00,1.1120367
2025-09-26 05:00:00,1.4682833
2025-09-26 06:00:00,1.5770382
2025-09-26 07:00:00,1.4317474
2025-09-26 08:00:00,1.1264254
2025-09-26 09:00:00,0.75756013
2025-09-26 10:00:00,0.35553253
2025-09-26 11:00:00,0.014231156
2025-09-26 12:00:00,-0.22645779
2025-09-26 13:00:00,-0.2854259
2025-09-26 14:00:00,-0.02639945
2025-09-26 15:00:00,0.49332824
2025-09-26 16:00:00,1.0094885
2025-09-26 17:00:00,1.4255008
2025-09-26 18:00:00,1.6139108
2025-09-26 19:00:00,1.5712006
2025-09-26 20:00:00,1.2960193
2025-09-26 21:00:00,0.90700907
2025-09-26 22:00:00,0.51527405
2025-09-26 23:00:00,0.19244117
2025-09-27 00:00:00,-0.04964088
2025-09-27 01:00:00,-0.12955496
2025-09-27 02:00:00,0.0010836468
2025-09-27 03:00:00,0.37969103
2025-09-27 04:00:00,0.8154676
2025-09-27 05:00:00,1.1792309
2025-09-27 06:00:00,1.3513541
2025-09-27 07:00:00,1.3139004
2025-09-27 08:00:00,1.0671816
2025-09-27 09:00:00,0.7250459
2025-09-27 10:00:00,0.3653569
2025-09-27 11:00:00,0.06499953
2025-09-27 12:00:00,-0.15239628
